Year,CA,ODS,Indicador,DescripciÃ³n,Value
2010,"MADRID, COMUNIDAD DE",Fin de la pobreza,1.2.1.1,,14.4
2011,"MADRID, COMUNIDAD DE",Fin de la pobreza,1.2.1.1,,14.0
2012,"MADRID, COMUNIDAD DE",Fin de la pobreza,1.2.1.1,,14.2
2013,"MADRID, COMUNIDAD DE",Fin de la pobreza,1.2.1.1,,13.4
2014,"MADRID, COMUNIDAD DE",Fin de la pobreza,1.2.1.1,,14.7
2015,"MADRID, COMUNIDAD DE",Fin de la pobreza,1.2.1.1,,15.1
2016,"MADRID, COMUNIDAD DE",Fin de la pobreza,1.2.1.1,,18.2
2017,"MADRID, COMUNIDAD DE",Fin de la pobreza,1.2.1.1,,16.9
2018,"MADRID, COMUNIDAD DE",Fin de la pobreza,1.2.1.1,,16.1
