Year,CA,ODS,Indicador,Descripción,Value
2010,"MADRID, COMUNIDAD DE",Salud y bienestar,3.1.2.1,Proporción de partos atendidos por personal sanitario especializado,99.953112502
2011,"MADRID, COMUNIDAD DE",Salud y bienestar,3.1.2.1,Proporción de partos atendidos por personal sanitario especializado,99.943405303
2012,"MADRID, COMUNIDAD DE",Salud y bienestar,3.1.2.1,Proporción de partos atendidos por personal sanitario especializado,99.944122577
2013,"MADRID, COMUNIDAD DE",Salud y bienestar,3.1.2.1,Proporción de partos atendidos por personal sanitario especializado,99.935989509
2014,"MADRID, COMUNIDAD DE",Salud y bienestar,3.1.2.1,Proporción de partos atendidos por personal sanitario especializado,99.932929873
2015,"MADRID, COMUNIDAD DE",Salud y bienestar,3.1.2.1,Proporción de partos atendidos por personal sanitario especializado,99.944905316
2016,"MADRID, COMUNIDAD DE",Salud y bienestar,3.1.2.1,Proporción de partos atendidos por personal sanitario especializado,99.944921432
2017,"MADRID, COMUNIDAD DE",Salud y bienestar,3.1.2.1,Proporción de partos atendidos por personal sanitario especializado,99.942710791
2018,"MADRID, COMUNIDAD DE",Salud y bienestar,3.1.2.1,Proporción de partos atendidos por personal sanitario especializado,99.925632127
