Year,CA,ODS,Indicador,Descripción,Value
2010,"MADRID, COMUNIDAD DE",Igualdad de género,5.a.1.1,"Porcentaje de titulares de explotaciones agrícolas, respecto al total de trabajadores en la agricultura",39.05
2014,"MADRID, COMUNIDAD DE",Igualdad de género,5.a.1.1,"Porcentaje de titulares de explotaciones agrícolas, respecto al total de trabajadores en la agricultura",43.51
2017,"MADRID, COMUNIDAD DE",Igualdad de género,5.a.1.1,"Porcentaje de titulares de explotaciones agrícolas, respecto al total de trabajadores en la agricultura",43.92
2010,"MADRID, COMUNIDAD DE",Igualdad de género,5.a.1.2,"Porcentaje de hombres titulares de explotaciones agrícolas, respecto al total de hombres trabajadores en la agricultura",40.23
2014,"MADRID, COMUNIDAD DE",Igualdad de género,5.a.1.2,"Porcentaje de hombres titulares de explotaciones agrícolas, respecto al total de hombres trabajadores en la agricultura",46.4
2017,"MADRID, COMUNIDAD DE",Igualdad de género,5.a.1.2,"Porcentaje de hombres titulares de explotaciones agrícolas, respecto al total de hombres trabajadores en la agricultura",43.52
2010,"MADRID, COMUNIDAD DE",Igualdad de género,5.a.1.3,"Porcentaje de mujeres titulares de explotaciones agrícolas, respecto al total de mujeres trabajadoras en la agricultura",36.2
2014,"MADRID, COMUNIDAD DE",Igualdad de género,5.a.1.3,"Porcentaje de mujeres titulares de explotaciones agrícolas, respecto al total de mujeres trabajadoras en la agricultura",37.05
2017,"MADRID, COMUNIDAD DE",Igualdad de género,5.a.1.3,"Porcentaje de mujeres titulares de explotaciones agrícolas, respecto al total de mujeres trabajadoras en la agricultura",45.13
