Year,CA,ODS,Indicador,Descripción,Value
2010,"MADRID, COMUNIDAD DE",Fin de la pobreza,1.2.2.1,Población en riesgo de pobreza o exclusión social: indicador AROPE,19.3
2011,"MADRID, COMUNIDAD DE",Fin de la pobreza,1.2.2.1,Población en riesgo de pobreza o exclusión social: indicador AROPE,18.6
2012,"MADRID, COMUNIDAD DE",Fin de la pobreza,1.2.2.1,Población en riesgo de pobreza o exclusión social: indicador AROPE,19.8
2013,"MADRID, COMUNIDAD DE",Fin de la pobreza,1.2.2.1,Población en riesgo de pobreza o exclusión social: indicador AROPE,20.1
