Year,CA,ODS,Indicador,Descripción,Value
2010,"MADRID, COMUNIDAD DE",Reducción de las desigualdades,10.4.1.1,Proporción del PIB generada por la remuneración de asalariados,52.852144469
2011,"MADRID, COMUNIDAD DE",Reducción de las desigualdades,10.4.1.1,Proporción del PIB generada por la remuneración de asalariados,51.783563271
2012,"MADRID, COMUNIDAD DE",Reducción de las desigualdades,10.4.1.1,Proporción del PIB generada por la remuneración de asalariados,50.660503659
2013,"MADRID, COMUNIDAD DE",Reducción de las desigualdades,10.4.1.1,Proporción del PIB generada por la remuneración de asalariados,50.222293402
2014,"MADRID, COMUNIDAD DE",Reducción de las desigualdades,10.4.1.1,Proporción del PIB generada por la remuneración de asalariados,50.690034122
2015,"MADRID, COMUNIDAD DE",Reducción de las desigualdades,10.4.1.1,Proporción del PIB generada por la remuneración de asalariados,50.395423576
2016,"MADRID, COMUNIDAD DE",Reducción de las desigualdades,10.4.1.1,Proporción del PIB generada por la remuneración de asalariados,49.674779957
2017,"MADRID, COMUNIDAD DE",Reducción de las desigualdades,10.4.1.1,Proporción del PIB generada por la remuneración de asalariados,48.851848928
2018,"MADRID, COMUNIDAD DE",Reducción de las desigualdades,10.4.1.1,Proporción del PIB generada por la remuneración de asalariados,48.888071077
