Year,CA,ODS,Indicador,Descripción,Value
2011,"MADRID, COMUNIDAD DE",Hambre cero,2.2.2.1,"Proporción de menores de 2 a 17 años con obesidad, sobrepeso o peso insuficiente",39.19161626
2012,"MADRID, COMUNIDAD DE",Hambre cero,2.2.2.1,"Proporción de menores de 2 a 17 años con obesidad, sobrepeso o peso insuficiente",39.19161626
2017,"MADRID, COMUNIDAD DE",Hambre cero,2.2.2.1,"Proporción de menores de 2 a 17 años con obesidad, sobrepeso o peso insuficiente",41.420609638
2018,"MADRID, COMUNIDAD DE",Hambre cero,2.2.2.1,"Proporción de menores de 2 a 17 años con obesidad, sobrepeso o peso insuficiente",80.0
