Year,CA,ODS,Indicador,Descripción,Value
2011,"MADRID, COMUNIDAD DE",Salud y bienestar,3.a.1.1,Porcentaje de fumadores diarios. Población de 15 y más años.,20.939806587
2012,"MADRID, COMUNIDAD DE",Salud y bienestar,3.a.1.1,Porcentaje de fumadores diarios. Población de 15 y más años.,20.939806587
2014,"MADRID, COMUNIDAD DE",Salud y bienestar,3.a.1.1,Porcentaje de fumadores diarios. Población de 15 y más años.,23.212966388
2017,"MADRID, COMUNIDAD DE",Salud y bienestar,3.a.1.1,Porcentaje de fumadores diarios. Población de 15 y más años.,19.002333321
