Year,CA,ODS,Indicador,Descripción,Value
2010,"MADRID, COMUNIDAD DE",Igualdad de género,5.a.1.1,"Porcentaje de mujeres titulares de explotaciones agrícolas, respecto al total de titulares de explotaciones agrícolas",27.1
2014,"MADRID, COMUNIDAD DE",Igualdad de género,5.a.1.1,"Porcentaje de mujeres titulares de explotaciones agrícolas, respecto al total de titulares de explotaciones agrícolas",26.33
2017,"MADRID, COMUNIDAD DE",Igualdad de género,5.a.1.1,"Porcentaje de mujeres titulares de explotaciones agrícolas, respecto al total de titulares de explotaciones agrícolas",25.76
2010,"MADRID, COMUNIDAD DE",Igualdad de género,5.a.1.2,"Porcentaje de mujeres titulares de explotaciones agrícolas en propiedad, respecto al total de titulares de explotaciones agrícolas en propiedad",29.27
2014,"MADRID, COMUNIDAD DE",Igualdad de género,5.a.1.2,"Porcentaje de mujeres titulares de explotaciones agrícolas en propiedad, respecto al total de titulares de explotaciones agrícolas en propiedad",29.15
2017,"MADRID, COMUNIDAD DE",Igualdad de género,5.a.1.2,"Porcentaje de mujeres titulares de explotaciones agrícolas en propiedad, respecto al total de titulares de explotaciones agrícolas en propiedad",27.36
2010,"MADRID, COMUNIDAD DE",Igualdad de género,5.a.1.3,"Porcentaje de mujeres titulares de explotaciones agrícolas en arrendamiento, respecto al total de titulares de explotaciones agrícolas en arrendamiento",21.46
2014,"MADRID, COMUNIDAD DE",Igualdad de género,5.a.1.3,"Porcentaje de mujeres titulares de explotaciones agrícolas en arrendamiento, respecto al total de titulares de explotaciones agrícolas en arrendamiento",19.02
2017,"MADRID, COMUNIDAD DE",Igualdad de género,5.a.1.3,"Porcentaje de mujeres titulares de explotaciones agrícolas en arrendamiento, respecto al total de titulares de explotaciones agrícolas en arrendamiento",20.06
